<?xml version="1.0" encoding="UTF-8"?>
<beans xmlns="http://www.springframework.org/schema/beans"  
    xmlns:xsi="http://www.w3.org/2001/XMLSchema-instance"  
    xmlns:p="http://www.springframework.org/schema/p"  
    xmlns:context="http://www.springframework.org/schema/context" 
    xmlns:mvc="http://www.springframework.org/schema/mvc" 
    xsi:schemaLocation="http://www.springframework.org/schema/beans  
http://www.springframework.org/schema/beans/spring-beans-3.0.xsd  
http://www.springframework.org/schema/context  
http://www.springframework.org/schema/context/spring-context-3.0.xsd
http://www.springframework.org/schema/mvc 
http://www.springframework.org/schema/mvc/spring-mvc.xsd"> 
<mvc:annotation-driven></mvc:annotation-driven>
<!-- handler mapping  -->
<context:component-scan base-package="com.niit.*"/>
<mvc:resources location="/WEB-INF/resources/" mapping="/resources/**" />
<!-- view resolver -->
<!-- <bean id="multipartResolver" class="org.springframework.web.multipart.commons.CommonsMultipartResolver" /> -->
<bean  class="org.springframework.web.servlet.view.InternalResourceViewResolver">
<property name="prefix">
<!-- home page location -->
<value>/WEB-INF/views/</value>
</property>
<!-- home page extension -->
<property name="suffix">
<value>.jsp</value>
</property>
</bean>
</beans>